feature,importance
event_cause,26.825361687266618
veh_type_grouped,21.595433162598447
day_of_week,12.383377887142657
requires_road_closure,10.435566623243574
cascade_size,8.912329651960606
hour_of_day,6.449188398857191
is_cascaded,4.747059827126067
month,4.567864510300647
event_type_grouped,1.900696454966051
is_peak_hour,1.6626781006853113
is_weekend,0.5204436958528793
